AD_IDEXTERNO;AD_CODPARC;AD_DOCNOPIRA;AD_GRUPOLCT;AD_TIPOAUX;AD_USUPIRA;CODCENCUS;CODCTACTB;CODEMP;CODUSU;DTMOV;LIBERADO;NUMLANC;NUMLOTE;REFERENCIA;SEQUENCIA;TIPLANC; VLRLANC ;AD_DTALTERACAO;AD_DTINCLUSAO;AD_USUALTERACAO;CHAVE;CODCONPAR;CODEMPORIG;CODHISTCTB;CODPROJ;COMPLHIST;CONCILIADO;DTEXTEMPORANEO;EXTEMPORANEO;NUMDOC;PARTLALUR_A;VENCIMENTO
W270720266;;0;0;0;0;1019800;960;1;;01/07/2026;S;270720262;22;01/07/2026;1;R;139744,21;;;;;;1;31;;ESTORNO DE PROVISAO DE VARIACAO CAMBIAL PASSIVA CR 06/2026 (OPERACOES CASADAS);;;;270720262;;
W270720267;;0;0;0;0;1019800;960;1;;01/07/2026;S;270720262;22;01/07/2026;2;R;49644,65;;;;;;1;31;;ESTORNO DE PROVISAO DE VARIACAO CAMBIAL PASSIVA CR 06/2026 (OPERACOES DESCASADAS);;;;270720262;;
W270720268;;0;0;0;0;1019800;971;1;;01/07/2026;S;270720262;22;01/07/2026;3;D;139744,21;;;;;;1;31;;ESTORNO DE PROVISAO DE VARIACAO CAMBIAL PASSIVA CR 06/2026 (OPERACOES CASADAS);;;;270720262;;
W270720269;;0;0;0;0;1019800;971;1;;01/07/2026;S;270720262;22;01/07/2026;4;D;49644,65;;;;;;1;31;;ESTORNO DE PROVISAO DE VARIACAO CAMBIAL PASSIVA CR 06/2026 (OPERACOES DESCASADAS);;;;270720262;;
W2707202610;;0;0;0;0;1019800;959;5;;01/07/2026;S;270720262;22;01/07/2026;5;D;5653,99;;;;;;5;31;;ESTORNO DE PROVISAO DE VARIACAO CAMBIAL ATIVA CR 06/2026 (OPERACOES CASADAS);;;;270720262;;
W2707202611;;0;0;0;0;1019800;960;5;;01/07/2026;S;270720262;22;01/07/2026;6;R;2862,38;;;;;;5;31;;ESTORNO DE PROVISAO DE VARIACAO CAMBIAL PASSIVA CR 06/2026 (OPERACOES DESCASADAS);;;;270720262;;
W2707202612;;0;0;0;0;1019800;971;5;;01/07/2026;S;270720262;22;01/07/2026;7;R;5653,99;;;;;;5;31;;ESTORNO DE PROVISAO DE VARIACAO CAMBIAL ATIVA CR 06/2026 (OPERACOES CASADAS);;;;270720262;;
W2707202613;;0;0;0;0;1019800;971;5;;01/07/2026;S;270720262;22;01/07/2026;8;D;2862,38;;;;;;5;31;;ESTORNO DE PROVISAO DE VARIACAO CAMBIAL PASSIVA CR 06/2026 (OPERACOES DESCASADAS);;;;270720262;;
W2707202614;;0;0;0;0;1019800;960;10;;01/07/2026;S;270720262;22;01/07/2026;9;R;10531,87;;;;;;10;31;;ESTORNO DE PROVISAO DE VARIACAO CAMBIAL PASSIVA CR 06/2026 (OPERACOES CASADAS);;;;270720262;;
W2707202615;;0;0;0;0;1019800;960;10;;01/07/2026;S;270720262;22;01/07/2026;10;R;16833,72;;;;;;10;31;;ESTORNO DE PROVISAO DE VARIACAO CAMBIAL PASSIVA CR 06/2026 (OPERACOES DESCASADAS);;;;270720262;;
W2707202616;;0;0;0;0;1019800;971;10;;01/07/2026;S;270720262;22;01/07/2026;11;D;10531,87;;;;;;10;31;;ESTORNO DE PROVISAO DE VARIACAO CAMBIAL PASSIVA CR 06/2026 (OPERACOES CASADAS);;;;270720262;;
W2707202617;;0;0;0;0;1019800;971;10;;01/07/2026;S;270720262;22;01/07/2026;12;D;16833,72;;;;;;10;31;;ESTORNO DE PROVISAO DE VARIACAO CAMBIAL PASSIVA CR 06/2026 (OPERACOES DESCASADAS);;;;270720262;;
